"ean","brand","nome","ivazero","price","desconto","pvp_recomendado","promocao","preco_por_volume","category","embalagem","link_produto","link_imagem","id","variant","channel"
3600523587315,"Elvive LOréal Paris","Máscara Cabelo Elvive Reconstrutora Dream Long",FALSE,4.19,"40",NA,NA,"€13,97","Beleza e Higiene/Cabelo/Máscaras e Tratamentos","emb. 300 ml","https://www.continente.pt/produto/mascara-cabelo-elvive-reconstrutora-dream-long-elvive-loreal-paris-6421142.html","https://www.continente.pt/dw/image/v2/BDVS_PRD/on/demandware.static/-/Sites-col-master-catalog/default/dw3e533733/images/col/642/6421142-frente.jpg?sw=280&sh=280","6421142","","col"
3600541575790,"Ultra Suave Garnier","Condicionador Ultra Suave Óleos de Argão e Camélia",FALSE,5.59,NA,NA,NA,"€13,98","Beleza e Higiene/Cabelo/Condicionadores","emb. 400 ml","https://www.continente.pt/produto/condicionador-ultra-suave-oleos-de-argao-e-camelia-ultra-suave-garnier-5365191.html","https://www.continente.pt/dw/image/v2/BDVS_PRD/on/demandware.static/-/Sites-col-master-catalog/default/dwe54d71c9/images/col/536/5365191-hero.jpg?sw=280&sh=280","5365191","","col"
3282770141436,NA,NA,NA,NA,NA,NA,NA,NA,NA,NA,NA,NA,NA,NA,NA
5601312605133,NA,NA,NA,NA,NA,NA,NA,NA,NA,NA,NA,NA,NA,NA,NA
5601312602217,"MyLabel","Condicionador Profissional Hidratação Intensa",FALSE,1.99,NA,NA,NA,"€2,21","Beleza e Higiene/Cabelo/Condicionadores","emb. 900 ml","https://www.continente.pt/produto/condicionador-profissional-hidratacao-intensa-mylabel-6855958.html","https://www.continente.pt/dw/image/v2/BDVS_PRD/on/demandware.static/-/Sites-col-master-catalog/default/dw333be2b4/images/col/685/6855958-frente.jpg?sw=280&sh=280","6855958","","col"
5600954004595,NA,NA,NA,NA,NA,NA,NA,NA,NA,NA,NA,NA,NA,NA,NA
3468080408494,"Corine de Farme","Gel Higiene Íntima Suave",FALSE,7.49,NA,NA,NA,"€18,73","Beleza e Higiene/Higiene Íntima/Gel e Sabonetes Íntimos","emb. 400 ml","https://www.continente.pt/produto/gel-higiene-intima-suave-corine-de-farme-6737977.html","https://www.continente.pt/dw/image/v2/BDVS_PRD/on/demandware.static/-/Sites-col-master-catalog/default/dw2b426166/images/col/673/6737977-frente.jpg?sw=280&sh=280","6737977","","col"
3468080408258,"Corine de Farme","Gel Higiene Íntima Suave",FALSE,3.44,"35",NA,NA,"€13,76","Beleza e Higiene/Higiene Íntima/Gel e Sabonetes Íntimos","emb. 250 ml","https://www.continente.pt/produto/gel-higiene-intima-suave-corine-de-farme-6640649.html","https://www.continente.pt/dw/image/v2/BDVS_PRD/on/demandware.static/-/Sites-col-master-catalog/default/dwe20e7f69/images/col/664/6640649-frente.jpg?sw=280&sh=280","6640649","","col"
8712561655361,"Dove","Gel de Banho Romã e Aroma de Limão Verbena",FALSE,7.99,NA,NA,NA,"€10,65","Beleza e Higiene/Corpo/Gel de Banho/Gel de Banho Hidratação","emb. 750 ml","https://www.continente.pt/produto/gel-de-banho-roma-e-aroma-de-limao-verbena-dove-5588722.html","https://www.continente.pt/dw/image/v2/BDVS_PRD/on/demandware.static/-/Sites-col-master-catalog/default/dwf18a0945/images/col/558/5588722-hero.jpg?sw=280&sh=280","5588722","","col"
5601312606222,"Continente","Gel de Banho Hidratante Pack Poupança",FALSE,2.39,NA,NA,NA,"€1,59","Beleza e Higiene/Corpo/Gel de Banho/Gel de Banho Hidratação","emb. 1,5 lt","https://www.continente.pt/produto/gel-de-banho-hidratante-pack-poupanca-continente-7371653.html","https://www.continente.pt/dw/image/v2/BDVS_PRD/on/demandware.static/-/Sites-col-master-catalog/default/dw0995306b/images/col/737/7371653-hero.jpg?sw=280&sh=280","7371653","","col"
8710847929083,"Dove","Gel de Banho Aloe Vera & Birch Water",FALSE,5.39,"40",NA,NA,"€7,19","Beleza e Higiene/Corpo/Gel de Banho/Gel de Banho Hidratação","emb. 750 ml","https://www.continente.pt/produto/gel-de-banho-aloe-vera-birch-water-dove-7159339.html","https://www.continente.pt/dw/image/v2/BDVS_PRD/on/demandware.static/-/Sites-col-master-catalog/default/dwe6d55ba1/images/col/715/7159339-hero.jpg?sw=280&sh=280","7159339","","col"
5601312603542,"","Gel de Banho Aveia",FALSE,0.99,NA,NA,NA,"€0,99","Beleza e Higiene/Corpo/Gel de Banho/Gel de Banho Fragrância","emb. 1 lt","https://www.continente.pt/produto/gel-de-banho-aveia-7028770.html","https://www.continente.pt/dw/image/v2/BDVS_PRD/on/demandware.static/-/Sites-col-master-catalog/default/dw029c198a/images/col/702/7028770-hero.jpg?sw=280&sh=280","7028770","","col"
5601312605539,"Continente","Gel de Banho Hidratante",FALSE,1.99,NA,NA,NA,"€1,99","Beleza e Higiene/Corpo/Gel de Banho/Gel de Banho Hidratação","emb. 1 lt","https://www.continente.pt/produto/gel-de-banho-hidratante-continente-7302890.html","https://www.continente.pt/dw/image/v2/BDVS_PRD/on/demandware.static/-/Sites-col-master-catalog/default/dwa6543d23/images/col/730/7302890-hero.jpg?sw=280&sh=280","7302890","","col"
4005900555915,"Nivea","Gel de Banho Care & Coconut",FALSE,3.82,"55",NA,NA,"€5,09","Beleza e Higiene/Corpo/Gel de Banho/Gel de Banho Hidratação","emb. 750 ml","https://www.continente.pt/produto/gel-de-banho-care-coconut-nivea-6654452.html","https://www.continente.pt/dw/image/v2/BDVS_PRD/on/demandware.static/-/Sites-col-master-catalog/default/dw9bab79f4/images/col/665/6654452-hero.jpg?sw=280&sh=280","6654452","","col"
5601312608530,"Continente","Gel de Banho Frutos Vermelhos",FALSE,1.99,NA,NA,NA,"€1,99 ","Beleza e Higiene/Corpo/Gel de Banho","emb. 1 lt","https://www.continente.pt/produto/gel-de-banho-frutos-vermelhos-continente-7565987.html","https://www.continente.pt/dw/image/v2/BDVS_PRD/on/demandware.static/-/Sites-col-master-catalog/default/dwdef5ecec/images/col/756/7565987-frente.jpg?sw=280&sh=280","7565987","","col"
8720181222634,"Dove","Gel de Banho Care by Nature Óleo de Coco",FALSE,2.99,"40",NA,NA,"€7,48","Beleza e Higiene/Corpo/Gel de Banho","emb. 400 ml","https://www.continente.pt/produto/gel-de-banho-care-by-nature-oleo-de-coco-dove-7612929.html","https://www.continente.pt/dw/image/v2/BDVS_PRD/on/demandware.static/-/Sites-col-master-catalog/default/dwa47825d8/images/col/761/7612929-hero.jpg?sw=280&sh=280","7612929","","col"
8008970056418,"Natural Honey","Gel de Banho Hidratante",FALSE,5.39,"50",NA,NA,"€3,99","Beleza e Higiene/Corpo/Gel de Banho","emb. 1,35 lt","https://www.continente.pt/produto/gel-de-banho-hidratante-natural-honey-7683202.html","https://www.continente.pt/dw/image/v2/BDVS_PRD/on/demandware.static/-/Sites-col-master-catalog/default/dw071f4192/images/col/768/7683202-frente.jpg?sw=280&sh=280","7683202","","col"
8710522571439,"Linic","Champô Homem Limpeza Profunda Anticaspa",FALSE,3.36,"25",NA,NA,"€14,93","Beleza e Higiene/Homem/Cabelo","emb. 225 ml","https://www.continente.pt/produto/champo-homem-limpeza-profunda-anticaspa-linic-7196479.html","https://www.continente.pt/dw/image/v2/BDVS_PRD/on/demandware.static/-/Sites-col-master-catalog/default/dwdb4487c5/images/col/719/7196479-hero.jpg?sw=280&sh=280","7196479","","col"
5603722506536,NA,NA,NA,NA,NA,NA,NA,NA,NA,NA,NA,NA,NA,NA,NA
5603722498022,"Mimosa","Leite Aromatizado com Morango",FALSE,1.69,"15",NA,NA,"€2,11","Laticínios e Ovos/Leite/Leite Achocolatado e Aromatizado","emb. 4 x 200 ml","https://www.continente.pt/produto/leite-aromatizado-com-morango-mimosa-3036033.html","https://www.continente.pt/dw/image/v2/BDVS_PRD/on/demandware.static/-/Sites-col-master-catalog/default/dw1c8bacd1/images/col/303/3036033-frente.jpg?sw=280&sh=280","3036033","","col"
5603722509759,"Mimosa","Leite Achocolatado",FALSE,1.69,NA,NA,NA,"€2,11","Laticínios e Ovos/Leite/Leite Achocolatado e Aromatizado","emb. 4 x 200 ml","https://www.continente.pt/produto/leite-achocolatado-mimosa-4749262.html","https://www.continente.pt/dw/image/v2/BDVS_PRD/on/demandware.static/-/Sites-col-master-catalog/default/dw9cd1c5d9/images/col/474/4749262-frente.jpg?sw=280&sh=280","4749262","","col"
5603722509667,"Mimosa","Leite Achocolatado",FALSE,1.69,"15",NA,NA,"€2,11","Laticínios e Ovos/Leite/Leite Achocolatado e Aromatizado","emb. 4 x 200 ml","https://www.continente.pt/produto/leite-achocolatado-mimosa-4756309.html","https://www.continente.pt/dw/image/v2/BDVS_PRD/on/demandware.static/-/Sites-col-master-catalog/default/dw2026b3f0/images/col/475/4756309-frente.jpg?sw=280&sh=280","4756309","","col"
5603722509636,NA,NA,NA,NA,NA,NA,NA,NA,NA,NA,NA,NA,NA,NA,NA
5603722514142,"Agros","Leite Achocolatado",FALSE,2.69,"15",NA,NA,"€1,68","Laticínios e Ovos/Leite/Leite Achocolatado e Aromatizado","emb. 8 x 200 ml","https://www.continente.pt/produto/leite-achocolatado-agros-5499368.html","https://www.continente.pt/dw/image/v2/BDVS_PRD/on/demandware.static/-/Sites-col-master-catalog/default/dw55d18990/images/col/549/5499368-frente.jpg?sw=280&sh=280","5499368","","col"
8410981093199,NA,NA,NA,NA,NA,NA,NA,NA,NA,NA,NA,NA,NA,NA,NA
5603722520433,"Mimosa","Leite Proteína Morango sem Lactose",FALSE,2.99,NA,NA,NA,"€3,99","Laticínios e Ovos/Leite/Leite Achocolatado e Aromatizado","emb. 3 x 250 ml","https://www.continente.pt/produto/leite-proteina-morango-sem-lactose-mimosa-7445893.html","https://www.continente.pt/dw/image/v2/BDVS_PRD/on/demandware.static/-/Sites-col-master-catalog/default/dw9c1b239a/images/col/744/7445893-frente.jpg?sw=280&sh=280","7445893","","col"
7630054495076,"Buondi","Cápsulas de Café Intenso Int 10",FALSE,4.29,NA,NA,NA,"€0,43","Mercearia/Café, Chá e Chocolate Solúvel/Café em Cápsulas","emb. 10 un","https://www.continente.pt/produto/capsulas-de-cafe-intenso-int-10-buondi-7067809.html","https://www.continente.pt/dw/image/v2/BDVS_PRD/on/demandware.static/-/Sites-col-master-catalog/default/dwb9bea96d/images/col/706/7067809-direito.jpg?sw=280&sh=280","7067809","","col"
7630054495090,"Buondi","Cápsulas de Café Encorpado Int 9",FALSE,4.29,NA,NA,NA,"€0,43","Mercearia/Café, Chá e Chocolate Solúvel/Café em Cápsulas","emb. 10 un","https://www.continente.pt/produto/capsulas-de-cafe-encorpado-int-9-buondi-7067810.html","https://www.continente.pt/dw/image/v2/BDVS_PRD/on/demandware.static/-/Sites-col-master-catalog/default/dw6fa6d5d6/images/col/706/7067810-direito.jpg?sw=280&sh=280","7067810","","col"
5601132004420,"Nicola","Cápsulas de Café Bocage Int 11",FALSE,1.99,"20",NA,NA,"€0,20","Mercearia/Café, Chá e Chocolate Solúvel/Café em Cápsulas","emb. 10 un","https://www.continente.pt/produto/capsulas-de-cafe-bocage-int-11-nicola-7673478.html","https://www.continente.pt/dw/image/v2/BDVS_PRD/on/demandware.static/-/Sites-col-master-catalog/default/dwf2378ca5/images/col/767/7673478-direito.jpg?sw=280&sh=280","7673478","","col"
5601312101932,"Continente","Cápsulas de Café Colômbia Int 7",FALSE,2.79,NA,NA,NA,"€0,28","Mercearia/Café, Chá e Chocolate Solúvel/Café em Cápsulas","emb. 10 un","https://www.continente.pt/produto/capsulas-de-cafe-colombia-int-7-continente-7408143.html","https://www.continente.pt/dw/image/v2/BDVS_PRD/on/demandware.static/-/Sites-col-master-catalog/default/dwe8407b65/images/col/740/7408143-frente.jpg?sw=280&sh=280","7408143","","col"
5601001346408,"Bolero","Bebida Cereais e Fibra",FALSE,2.59,"35",NA,NA,"€12,95","Mercearia/Café, Chá e Chocolate Solúvel/Bebidas de Cereais","emb. 200 gr","https://www.continente.pt/produto/bebida-cereais-e-fibra-bolero-2004015.html","https://www.continente.pt/dw/image/v2/BDVS_PRD/on/demandware.static/-/Sites-col-master-catalog/default/dwce17ca08/images/col/200/2004015-frente.jpg?sw=280&sh=280","2004015","","col"
5609060099617,"Delta","Bebida Cereais e Fibra Solúvel",FALSE,2.44,"30",NA,NA,"€12,20","Mercearia/Café, Chá e Chocolate Solúvel/Bebidas de Cereais","emb. 200 gr","https://www.continente.pt/produto/bebida-cereais-e-fibra-soluvel-delta-6557350.html","https://www.continente.pt/dw/image/v2/BDVS_PRD/on/demandware.static/-/Sites-col-master-catalog/default/dw9527f541/images/col/655/6557350-hero.jpg?sw=280&sh=280","6557350","","col"
5609060007070,"Delta","Cevada",FALSE,2.99,NA,NA,NA,"€14,95","Mercearia/Café, Chá e Chocolate Solúvel/Bebidas de Cereais","emb. 200 gr","https://www.continente.pt/produto/cevada-delta-5394593.html","https://www.continente.pt/dw/image/v2/BDVS_PRD/on/demandware.static/-/Sites-col-master-catalog/default/dwcacc6a74/images/col/539/5394593-hero.jpg?sw=280&sh=280","5394593","","col"
40052526,"Kit Kat","Snack de Chocolate de Leite Kit Kat",FALSE,1.99,"25",NA,NA,"€16,05","Mercearia/Chocolate, Gomas e Rebuçados/Snacks de Chocolate","emb. 3 x 41,5 gr","https://www.continente.pt/produto/snack-de-chocolate-de-leite-kit-kat-kit-kat-5762263.html","https://www.continente.pt/dw/image/v2/BDVS_PRD/on/demandware.static/-/Sites-col-master-catalog/default/dw52059217/images/col/576/5762263-hero.jpg?sw=280&sh=280","5762263","","col"
3800020456262,"Kit Kat","Snack de Chocolate de Leite Kit Kat Chunky",FALSE,3.89,NA,NA,NA,"€24,31","Mercearia/Chocolate, Gomas e Rebuçados/Snacks de Chocolate","emb. 160 gr (4 un)","https://www.continente.pt/produto/snack-de-chocolate-de-leite-kit-kat-chunky-kit-kat-5824254.html","https://www.continente.pt/dw/image/v2/BDVS_PRD/on/demandware.static/-/Sites-col-master-catalog/default/dwd02df5d8/images/col/582/5824254-hero.jpg?sw=280&sh=280","5824254","","col"
40345154,"Kit Kat","Snack de Chocolate de Leite Kit Kat",FALSE,2.19,"45",NA,NA,"€10,58","Mercearia/Chocolate, Gomas e Rebuçados/Snacks de Chocolate","emb. 5 x 41,5 gr","https://www.continente.pt/produto/snack-de-chocolate-de-leite-kit-kat-kit-kat-5762275.html","https://www.continente.pt/dw/image/v2/BDVS_PRD/on/demandware.static/-/Sites-col-master-catalog/default/dw27475a54/images/col/576/5762275-hero.jpg?sw=280&sh=280","5762275","","col"
5000159451666,"Twix","Snack de Chocolate com Biscoito e Caramelo",FALSE,2.89,"30",NA,NA,"€11,56","Mercearia/Chocolate, Gomas e Rebuçados/Snacks de Chocolate","emb. 5 x 58 gr","https://www.continente.pt/produto/snack-de-chocolate-com-biscoito-e-caramelo-twix-2666531.html","https://www.continente.pt/dw/image/v2/BDVS_PRD/on/demandware.static/-/Sites-col-master-catalog/default/dwb1056918/images/col/266/2666531-frente.jpg?sw=280&sh=280","2666531","","col"
5601312046479,"Continente","Drageias de Chocolate Pop Balls",FALSE,1.79,NA,NA,NA,"€10,23","Mercearia/Chocolate, Gomas e Rebuçados/Snacks de Chocolate","emb. 175 gr","https://www.continente.pt/produto/drageias-de-chocolate-pop-balls-continente-4326920.html","https://www.continente.pt/dw/image/v2/BDVS_PRD/on/demandware.static/-/Sites-col-master-catalog/default/dwf3ecd97d/images/col/432/4326920-frente.jpg?sw=280&sh=280","4326920","","col"
7613036257183,"Crunch","Snack de Chocolate Leite Multipack",FALSE,1.49,"30",NA,NA,"€15,05","Mercearia/Chocolate, Gomas e Rebuçados/Snacks de Chocolate","emb. 3 x 33 gr","https://www.continente.pt/produto/snack-de-chocolate-leite-multipack-crunch-7536658.html","https://www.continente.pt/dw/image/v2/BDVS_PRD/on/demandware.static/-/Sites-col-master-catalog/default/dw8d92893a/images/col/753/7536658-frente.JPG?sw=280&sh=280","7536658","","col"
5601312103875,NA,NA,NA,NA,NA,NA,NA,NA,NA,NA,NA,NA,NA,NA,NA
3800020403907,"Kit Kat","Snack de Chocolate de Leite e Caramelo Kit Kat Chunky",FALSE,3.89,NA,NA,NA,"€22,36","Mercearia/Chocolate, Gomas e Rebuçados/Snacks de Chocolate","emb. 174 gr (4 un)","https://www.continente.pt/produto/snack-de-chocolate-de-leite-e-caramelo-kit-kat-chunky-kit-kat-7637319.html","https://www.continente.pt/dw/image/v2/BDVS_PRD/on/demandware.static/-/Sites-col-master-catalog/default/dw14a8f340/images/col/763/7637319-hero.jpg?sw=280&sh=280","7637319","","col"
5601312605454,"Continente","Ambientador Recarga WC Lavanda",FALSE,3.79,NA,NA,NA,"€1,26","Limpeza/Ambientadores/Absorve Odores","emb. 3 un","https://www.continente.pt/produto/ambientador-recarga-wc-lavanda-continente-7251258.html","https://www.continente.pt/dw/image/v2/BDVS_PRD/on/demandware.static/-/Sites-col-master-catalog/default/dwd4f404d4/images/col/725/7251258-cima.jpg?sw=280&sh=280","7251258","","col"
5601493323994,"Kasa","Vela em Copo 165g Frutos Vermelhos",FALSE,2.5,NA,NA,NA,"€2,50","Casa, Bricolage e Jardim/Decoração/Velas e Difusores","1 un","https://www.continente.pt/produto/vela-em-copo-165g-frutos-vermelhos-kasa-5939669.html","https://www.continente.pt/dw/image/v2/BDVS_PRD/on/demandware.static/-/Sites-col-master-catalog/default/dwe0f69ccb/images/col/593/5939669_frente.jpg?sw=280&sh=280","5939669","284483","col"
8412600012147,"Bimbo","Mini Muffins Little Bites",FALSE,2.19,"25",NA,NA,"€13,04","Mercearia/Bolachas, Biscoitos e Tostas/Bolos, Napolitanas, Queques","emb. 188 gr (4 un)","https://www.continente.pt/produto/mini-muffins-little-bites-bimbo-6838666.html","https://www.continente.pt/dw/image/v2/BDVS_PRD/on/demandware.static/-/Sites-col-master-catalog/default/dw13ed4493/images/col/683/6838666-esquerdo.jpg?sw=280&sh=280","6838666","","col"
5601312079538,"Continente","Napolitanas de Cacau",FALSE,1.39,NA,NA,NA,"€5,15","Mercearia/Bolachas, Biscoitos e Tostas/Bolos, Napolitanas, Queques","emb. 270 gr (6 un)","https://www.continente.pt/produto/napolitanas-de-cacau-continente-7251787.html","https://www.continente.pt/dw/image/v2/BDVS_PRD/on/demandware.static/-/Sites-col-master-catalog/default/dwba78c499/images/col/725/7251787-cima.jpg?sw=280&sh=280","7251787","","col"
8004905550358,"Midi","Bolo Ciao de Leite",FALSE,2.99,"25",NA,NA,"€8,54","Mercearia/Bolachas, Biscoitos e Tostas/Bolos, Napolitanas, Queques","emb. 350 gr (10 un)","https://www.continente.pt/produto/bolo-ciao-de-leite-midi-5960119.html","https://www.continente.pt/dw/image/v2/BDVS_PRD/on/demandware.static/-/Sites-col-master-catalog/default/dwd558a913/images/col/596/5960119-direito.jpg?sw=280&sh=280","5960119","","col"
5601312609568,"Continente","Sacos Lixo WC 10 lt",FALSE,0.89,NA,NA,NA,"€0,03","Limpeza/Sacos e Baldes do Lixo/Sacos do Lixo","emb. 30 un","https://www.continente.pt/produto/sacos-lixo-wc-10-lt-continente-7708490.html","https://www.continente.pt/dw/image/v2/BDVS_PRD/on/demandware.static/-/Sites-col-master-catalog/default/dwfc58c44a/images/col/770/7708490-frente.jpg?sw=280&sh=280","7708490","","col"
8710847961175,"Linic","Champô Homem Limpeza Profunda Anticaspa",FALSE,4.94,"25",NA,NA," €13,72","Beleza e Higiene/Homem/Cabelo","emb. 360 ml","https://www.continente.pt/produto/champo-homem-limpeza-profunda-anticaspa-linic-7217399.html","https://www.continente.pt/dw/image/v2/BDVS_PRD/on/demandware.static/-/Sites-col-master-catalog/default/dw271e50f5/images/col/721/7217399-hero.jpg?sw=280&sh=280","7217399","","col"
3600542167925,"Ultra Suave Garnier","Champô Ultra Suave Riqueza D'Argão",FALSE,8.29,NA,NA,NA,"€13,82","Beleza e Higiene/Cabelo/Champôs","emb. 600 ml","https://www.continente.pt/produto/champo-ultra-suave-riqueza-dargao-ultra-suave-garnier-6596280.html","https://www.continente.pt/dw/image/v2/BDVS_PRD/on/demandware.static/-/Sites-col-master-catalog/default/dw6c432e29/images/col/659/6596280-frente.jpg?sw=280&sh=280","6596280","","col"
5601312601470,"MyLabel","Champô Profissional Keratina",FALSE,1.99,NA,NA,NA,"€2,21","Beleza e Higiene/Cabelo/Champôs","emb. 900 ml","https://www.continente.pt/produto/champo-profissional-keratina-mylabel-6855955.html","https://www.continente.pt/dw/image/v2/BDVS_PRD/on/demandware.static/-/Sites-col-master-catalog/default/dw3ba33f40/images/col/685/6855955-frente.jpg?sw=280&sh=280","6855955","","col"
3600541939189,"Ultra Suave Garnier","Champô Ultra Suave Delicadeza de Aveia",FALSE,8.29,NA,NA,NA,"€13,82","Beleza e Higiene/Cabelo/Champôs","emb. 600 ml","https://www.continente.pt/produto/champo-ultra-suave-delicadeza-de-aveia-ultra-suave-garnier-5813481.html","https://www.continente.pt/dw/image/v2/BDVS_PRD/on/demandware.static/-/Sites-col-master-catalog/default/dwae02ade4/images/col/581/5813481-frente.jpg?sw=280&sh=280","5813481","","col"
3600541939066,"Ultra Suave Garnier","Champô Ultra Suave Óleos de Argão e Camélia",FALSE,8.29,NA,NA,NA,"€13,82","Beleza e Higiene/Cabelo/Champôs","emb. 600 ml","https://www.continente.pt/produto/champo-ultra-suave-oleos-de-argao-e-camelia-ultra-suave-garnier-5813483.html","https://www.continente.pt/dw/image/v2/BDVS_PRD/on/demandware.static/-/Sites-col-master-catalog/default/dwbee6ab7b/images/col/581/5813483-frente.jpg?sw=280&sh=280","5813483","","col"
3282770141283,NA,NA,NA,NA,NA,NA,NA,NA,NA,NA,NA,NA,NA,NA,NA
8006540748312,"H&S","Champô Mentol",FALSE,9.99,NA,NA,NA,"€9,99","Beleza e Higiene/Homem/Cabelo","emb. 1 lt","https://www.continente.pt/produto/champo-mentol-h-s-7639297.html","https://www.continente.pt/dw/image/v2/BDVS_PRD/on/demandware.static/-/Sites-col-master-catalog/default/dw3505fa1e/images/col/763/7639297-hero.jpg?sw=280&sh=280","7639297","","col"
8712561255530,NA,NA,NA,NA,NA,NA,NA,NA,NA,NA,NA,NA,NA,NA,NA
5601312601180,"MyLabel","Desodorizante Roll On Invisible Fresh Protection",FALSE,0.85,NA,NA,NA,"€17,00","Beleza e Higiene/Corpo/Desodorizantes","emb. 50 ml","https://www.continente.pt/produto/desodorizante-roll-on-invisible-fresh-protection-mylabel-6697689.html","https://www.continente.pt/dw/image/v2/BDVS_PRD/on/demandware.static/-/Sites-col-master-catalog/default/dw85352eaf/images/col/669/6697689-hero.jpg?sw=280&sh=280","6697689","","col"
96111000,NA,NA,NA,NA,NA,NA,NA,NA,NA,NA,NA,NA,NA,NA,NA
42397304,"Nivea","Desodorizante Roll On Black & White Invisible Original",FALSE,2.25,"50",NA,NA,"€44,80","Beleza e Higiene/Corpo/Desodorizantes","emb. 50 ml","https://www.continente.pt/produto/desodorizante-roll-on-black-white-invisible-original-nivea-4626257.html","https://www.continente.pt/dw/image/v2/BDVS_PRD/on/demandware.static/-/Sites-col-master-catalog/default/dwecb1c5a8/images/col/462/4626257-hero.jpg?sw=280&sh=280","4626257","","col"
3600550266993,"Narta","Desodorizante Roll On Narta Protection 5",FALSE,4.49,NA,NA,NA,"€89,80","Beleza e Higiene/Corpo/Desodorizantes","emb. 50 ml","https://www.continente.pt/produto/desodorizante-roll-on-narta-protection-5-narta-4873853.html","https://www.continente.pt/dw/image/v2/BDVS_PRD/on/demandware.static/-/Sites-col-master-catalog/default/dw54a4675c/images/col/487/4873853-hero.jpg?sw=280&sh=280","4873853","","col"
3337875597357,NA,NA,NA,NA,NA,NA,NA,NA,NA,NA,NA,NA,NA,NA,NA
5601233086004,"Hidro","Acetona",FALSE,1.49,NA,NA,NA,"€11,92","Beleza e Higiene/Maquilhagem/Unhas","emb. 125 ml","https://www.continente.pt/produto/acetona-hidro-7141128.html","https://www.continente.pt/dw/image/v2/BDVS_PRD/on/demandware.static/-/Sites-col-master-catalog/default/dwb6042d20/images/col/714/7141128-frente.jpg?sw=280&sh=280","7141128","","col"
7613287399076,"Dolce Gusto","Cápsulas de Café Ardenza Int 11",FALSE,18.99,NA,NA,NA,"€0,30","Mercearia/Café, Chá e Chocolate Solúvel/Café em Cápsulas","emb. 64 un","https://www.continente.pt/produto/capsulas-de-cafe-ardenza-int-11-dolce-gusto-7405693.html","https://www.continente.pt/dw/image/v2/BDVS_PRD/on/demandware.static/-/Sites-col-master-catalog/default/dw1dec2cbc/images/col/740/7405693-frente.jpg?sw=280&sh=280","7405693","","col"
5601312101901,"Continente","Cápsulas de Café Classico Int 10",FALSE,3.99,NA,NA,NA,"€0,25","Mercearia/Café, Chá e Chocolate Solúvel/Café em Cápsulas","emb. 16 un","https://www.continente.pt/produto/capsulas-de-cafe-classico-int-10-continente-7408113.html","https://www.continente.pt/dw/image/v2/BDVS_PRD/on/demandware.static/-/Sites-col-master-catalog/default/dw096ef3f6/images/col/740/7408113-frente.jpg?sw=280&sh=280","7408113","","col"
5601132003867,"Nicola","Cápsulas de Café Rossio Int 10",FALSE,3.24,"35",NA,NA,"€0,20","Mercearia/Café, Chá e Chocolate Solúvel/Café em Cápsulas","emb. 16 un","https://www.continente.pt/produto/capsulas-de-cafe-rossio-int-10-nicola-7224036.html","https://www.continente.pt/dw/image/v2/BDVS_PRD/on/demandware.static/-/Sites-col-master-catalog/default/dw070f14fc/images/col/722/7224036-direito.jpg?sw=280&sh=280","7224036","","col"
5601312079996,"Continente","Cápsulas de Café Fortíssimo Int 14 Pack Poupança",FALSE,6.79,NA,NA,NA,"€0,17","Mercearia/Café, Chá e Chocolate Solúvel/Café em Cápsulas","emb. 40 un","https://www.continente.pt/produto/capsulas-de-cafe-fortissimo-int-14-pack-poupanca-continente-7314337.html","https://www.continente.pt/dw/image/v2/BDVS_PRD/on/demandware.static/-/Sites-col-master-catalog/default/dw53e48b25/images/col/731/7314337-frente.jpg?sw=280&sh=280","7314337","","col"
5601312101918,"Continente","Cápsulas de Café Fortezza Int 12",FALSE,3.99,NA,NA,NA,"€0,25","Mercearia/Café, Chá e Chocolate Solúvel/Café em Cápsulas","emb. 16 un","https://www.continente.pt/produto/capsulas-de-cafe-fortezza-int-12-continente-7408125.html","https://www.continente.pt/dw/image/v2/BDVS_PRD/on/demandware.static/-/Sites-col-master-catalog/default/dwddf33fe6/images/col/740/7408125-frente.jpg?sw=280&sh=280","7408125","","col"
7613287613578,"Dolce Gusto","Cápsulas de Café Buondi Int 8",FALSE,18.99,NA,NA,NA,"€0,30","Mercearia/Café, Chá e Chocolate Solúvel/Café em Cápsulas","emb. 64 un","https://www.continente.pt/produto/capsulas-de-cafe-buondi-int-8-dolce-gusto-7405690.html","https://www.continente.pt/dw/image/v2/BDVS_PRD/on/demandware.static/-/Sites-col-master-catalog/default/dwf9104c04/images/col/740/7405690-frente.jpg?sw=280&sh=280","7405690","","col"
7630054495052,"Buondi","Cápsulas de Café Original Int 8",FALSE,4.29,NA,NA,NA,"€0,43","Mercearia/Café, Chá e Chocolate Solúvel/Café em Cápsulas","emb. 10 un","https://www.continente.pt/produto/capsulas-de-cafe-original-int-8-buondi-7067924.html","https://www.continente.pt/dw/image/v2/BDVS_PRD/on/demandware.static/-/Sites-col-master-catalog/default/dw43ce52b4/images/col/706/7067924-direito.jpg?sw=280&sh=280","7067924","","col"
5601312079354,"Continente","Cápsulas de Café Classico Int 10 Pack Poupança",FALSE,9.99,NA,NA,NA,"€0,21","Mercearia/Café, Chá e Chocolate Solúvel/Café em Cápsulas","emb. 48 un","https://www.continente.pt/produto/capsulas-de-cafe-classico-int-10-pack-poupanca-continente-7241223.html","https://www.continente.pt/dw/image/v2/BDVS_PRD/on/demandware.static/-/Sites-col-master-catalog/default/dwd8ea8bab/images/col/724/7241223-hero.jpg?sw=280&sh=280","7241223","","col"
5601312101864,"Continente","Cápsulas de Café Decaffeinato Int 5",FALSE,3.99,NA,NA,NA,"€0,25","Mercearia/Café, Chá e Chocolate Solúvel/Café em Cápsulas","emb. 16 un","https://www.continente.pt/produto/capsulas-de-cafe-decaffeinato-int-5-continente-7408103.html","https://www.continente.pt/dw/image/v2/BDVS_PRD/on/demandware.static/-/Sites-col-master-catalog/default/dw46f4f12c/images/col/740/7408103-frente.jpg?sw=280&sh=280","7408103","","col"
5601082053561,"Delta","Café Moído Torrado Moagem Universal Lote Ritual Int 13",FALSE,2.19,"30",NA,NA,"€9,95","Mercearia/Café, Chá e Chocolate Solúvel/Café Torrado","emb. 220 gr","https://www.continente.pt/produto/cafe-moido-torrado-moagem-universal-lote-ritual-int-13-delta-7623713.html","https://www.continente.pt/dw/image/v2/BDVS_PRD/on/demandware.static/-/Sites-col-master-catalog/default/dw3b8999da/images/col/762/7623713-frente.jpg?sw=280&sh=280","7623713","","col"
5601312079361,"Continente","Cápsulas de Café Fortezza Int 12 Pack Poupança",FALSE,9.99,NA,NA,NA,"€0,21","Mercearia/Café, Chá e Chocolate Solúvel/Café em Cápsulas","emb. 48 un","https://www.continente.pt/produto/capsulas-de-cafe-fortezza-int-12-pack-poupanca-continente-7241221.html","https://www.continente.pt/dw/image/v2/BDVS_PRD/on/demandware.static/-/Sites-col-master-catalog/default/dw1184c535/images/col/724/7241221-frente.jpg?sw=280&sh=280","7241221","","col"
5601082051635,"Delta Q","Cápsulas de Café Mythiq Int 15",FALSE,22.99,NA,NA,NA,"€0,29","Mercearia/Café, Chá e Chocolate Solúvel/Café em Cápsulas","emb. 80 un","https://www.continente.pt/produto/capsulas-de-cafe-mythiq-int-15-delta-q-7545517.html","https://www.continente.pt/dw/image/v2/BDVS_PRD/on/demandware.static/-/Sites-col-master-catalog/default/dw0662d856/images/col/754/7545517-frente.jpg?sw=280&sh=280","7545517","","col"
5601312078821,"Continente","Cápsulas de Café Magnus Int 12",FALSE,1.89,NA,NA,NA,"€0,19","Mercearia/Café, Chá e Chocolate Solúvel/Café em Cápsulas","emb. 10 un","https://www.continente.pt/produto/capsulas-de-cafe-magnus-int-12-continente-7214628.html","https://www.continente.pt/dw/image/v2/BDVS_PRD/on/demandware.static/-/Sites-col-master-catalog/default/dw46e1492f/images/col/721/7214628-frente.jpg?sw=280&sh=280","7214628","","col"
5601027975446,"Donuts","Bolo Mini",FALSE,1.59,"25",NA,NA,"€13,25","Mercearia/Bolachas, Biscoitos e Tostas/Bolos, Napolitanas, Queques","emb. 120g (5 un)","https://www.continente.pt/produto/bolo-mini-donuts-6649663.html","https://www.continente.pt/dw/image/v2/BDVS_PRD/on/demandware.static/-/Sites-col-master-catalog/default/dw4af08500/images/col/664/6649663-direito.jpg?sw=280&sh=280","6649663","","col"
5601312182191,"Continente","Brioche de Leite",FALSE,3,NA,NA,NA,"€10,71","Padaria e Pastelaria/Pastelaria/Croissants e Pães de Leite","emb. 280 gr","https://www.continente.pt/produto/brioche-de-leite-continente-6590457.html","https://www.continente.pt/dw/image/v2/BDVS_PRD/on/demandware.static/-/Sites-col-master-catalog/default/dwb7303276/images/col/659/6590457-frente.jpg?sw=280&sh=280","6590457","","col"
8410022000032,"Donuts","Bolo Glacé",FALSE,2.89,"25",NA,NA,"€9,63","Mercearia/Bolachas, Biscoitos e Tostas/Bolos, Napolitanas, Queques","emb. 300 gr (6 un)","https://www.continente.pt/produto/bolo-glace-donuts-2564354.html","https://www.continente.pt/dw/image/v2/BDVS_PRD/on/demandware.static/-/Sites-col-master-catalog/default/dw01cf2574/images/col/256/2564354-direito.jpg?sw=280&sh=280","2564354","","col"
5601312062011,"Continente","Palmiers com Massa Folhada",FALSE,1.19,NA,NA,NA,"€7,44","Padaria e Pastelaria/Pastelaria/Biscoitos","emb. 4 x 40 gr","https://www.continente.pt/produto/palmiers-com-massa-folhada-continente-4769767.html","https://www.continente.pt/dw/image/v2/BDVS_PRD/on/demandware.static/-/Sites-col-master-catalog/default/dwd13bc8d4/images/col/476/4769767-frente.jpg?sw=280&sh=280","4769767","","col"
5601312136477,"Continente","Beijinhos de Chocolate Recheados com Morango",FALSE,1.15,NA,NA,NA,"€11,50","Mercearia/Chocolate, Gomas e Rebuçados/Snacks de Chocolate","emb. 100 gr","https://www.continente.pt/produto/beijinhos-de-chocolate-recheados-com-morango-continente-3898798.html","https://www.continente.pt/dw/image/v2/BDVS_PRD/on/demandware.static/-/Sites-col-master-catalog/default/dwd4bc0f56/images/col/389/3898798-frente.jpg?sw=280&sh=280","3898798","","col"
5601312136484,"Continente","Beijinhos de Chocolate Recheados com Baunilha",FALSE,1.15,NA,NA,NA,"€11,50","Mercearia/Chocolate, Gomas e Rebuçados/Snacks de Chocolate","emb. 100 gr","https://www.continente.pt/produto/beijinhos-de-chocolate-recheados-com-baunilha-continente-3898793.html","https://www.continente.pt/dw/image/v2/BDVS_PRD/on/demandware.static/-/Sites-col-master-catalog/default/dw4fde02c7/images/col/389/3898793-esquerdo.jpg?sw=280&sh=280","3898793","","col"
8410022000025,"Donuts","Bolo Glacé",FALSE,2.19,"25",NA,NA,"€10,95","Mercearia/Bolachas, Biscoitos e Tostas/Bolos, Napolitanas, Queques","emb. 200 gr (4 un)","https://www.continente.pt/produto/bolo-glace-donuts-4714094.html","https://www.continente.pt/dw/image/v2/BDVS_PRD/on/demandware.static/-/Sites-col-master-catalog/default/dw2aec61a0/images/col/471/4714094-direito.jpg?sw=280&sh=280","4714094","","col"
5601489781357,"Du Bois","Folhado Feuilletine",FALSE,1.94,NA,NA,NA,"€14,37","Mercearia/Bolachas, Biscoitos e Tostas/Maria, Torrada e Biscoitos","emb. 135 gr","https://www.continente.pt/produto/folhado-feuilletine-du-bois-5113597.html","https://www.continente.pt/dw/image/v2/BDVS_PRD/on/demandware.static/-/Sites-col-master-catalog/default/dwd59491f3/images/col/511/5113597-frente.jpg?sw=280&sh=280","5113597","","col"
8410022000063,"Donuts","Bolo Coberto de Chocolate Bombón",FALSE,2.19,"25",NA,NA,"€11,65","Mercearia/Bolachas, Biscoitos e Tostas/Bolos, Napolitanas, Queques","emb. 200 gr (4 un)","https://www.continente.pt/produto/bolo-coberto-de-chocolate-bombon-donuts-4714045.html","https://www.continente.pt/dw/image/v2/BDVS_PRD/on/demandware.static/-/Sites-col-master-catalog/default/dw89db2d5f/images/col/471/4714045-direito.jpg?sw=280&sh=280","4714045","","col"
5601027000216,"Bollycao","Bolo com Recheio de Chocolate",FALSE,2.19,"25",NA,NA,"€9,61","Mercearia/Bolachas, Biscoitos e Tostas/Bolos, Napolitanas, Queques","emb. 228 gr (4 un)","https://www.continente.pt/produto/bolo-com-recheio-de-chocolate-bollycao-2004744.html","https://www.continente.pt/dw/image/v2/BDVS_PRD/on/demandware.static/-/Sites-col-master-catalog/default/dwcc45a86a/images/col/200/2004744-frente.jpg?sw=280&sh=280","2004744","","col"
5602519001032,"Da Nossa Pastelaria","Mini Cenoura",FALSE,1.79,NA,NA,NA,"€6,88","Padaria e Pastelaria/Pastelaria/Pastelaria Sortida","emb. 260 gr","https://www.continente.pt/produto/mini-cenoura-da-nossa-pastelaria-7677025.html","https://www.continente.pt/dw/image/v2/BDVS_PRD/on/demandware.static/-/Sites-col-master-catalog/default/dw35aca661/images/col/767/7677025-frente.jpg?sw=280&sh=280","7677025","","col"
5601027959477,NA,NA,NA,NA,NA,NA,NA,NA,NA,NA,NA,NA,NA,NA,NA
5601312511151,"Continente","Toucinho do Céu",FALSE,0.99,NA,NA,NA,"€4,95","Refeições Fáceis/Sobremesas","emb. 2 x 100 gr","https://www.continente.pt/produto/toucinho-do-ceu-continente-7477479.html","https://www.continente.pt/dw/image/v2/BDVS_PRD/on/demandware.static/-/Sites-col-master-catalog/default/dwe3e26ff1/images/col/747/7477479-frente.jpg?sw=280&sh=280","7477479","","col"
5601312512424,"Continente","Mousse Chocolate de Leite",FALSE,0.99,NA,NA,NA,"€4,13","Laticínios e Ovos/Sobremesas/Mousses e Pudins","emb. 240 gr (4 un)","https://www.continente.pt/produto/mousse-chocolate-de-leite-continente-7634794.html","https://www.continente.pt/dw/image/v2/BDVS_PRD/on/demandware.static/-/Sites-col-master-catalog/default/dw20c1ca2a/images/col/763/7634794-frente.jpg?sw=280&sh=280","7634794","","col"
5601312511847,"Continente","Pudim Flan Ovos",FALSE,1.59,NA,NA,NA,"€0,40","Laticínios e Ovos/Sobremesas/Mousses e Pudins","emb. 400 gr (4 un)","https://www.continente.pt/produto/pudim-flan-ovos-continente-7599436.html","https://www.continente.pt/dw/image/v2/BDVS_PRD/on/demandware.static/-/Sites-col-master-catalog/default/dw1fab02ad/images/col/759/7599436-frente.jpg?sw=280&sh=280","7599436","","col"
5601312511229,"Continente","Pudim +Proteína Baunilha",FALSE,1.19,NA,NA,NA,"€5,95","Laticínios e Ovos/Iogurtes/Iogurtes Proteína","emb. 200 gr","https://www.continente.pt/produto/pudim-proteina-baunilha-continente-7477482.html","https://www.continente.pt/dw/image/v2/BDVS_PRD/on/demandware.static/-/Sites-col-master-catalog/default/dwe9686203/images/col/747/7477482-frente.jpg?sw=280&sh=280","7477482","","col"
5601312511236,"Continente","Pudim +Proteína Caramelo",FALSE,1.19,NA,NA,NA,"€5,95","Laticínios e Ovos/Iogurtes/Iogurtes Proteína","emb. 200 gr","https://www.continente.pt/produto/pudim-proteina-caramelo-continente-7477484.html","https://www.continente.pt/dw/image/v2/BDVS_PRD/on/demandware.static/-/Sites-col-master-catalog/default/dw5163f248/images/col/747/7477484-frente.jpg?sw=280&sh=280","7477484","","col"
5601050037272,"Yopro","Pudim Proteico Chocolate",FALSE,1.99,"20",NA,NA,"€11,06","Laticínios e Ovos/Iogurtes/Iogurtes Proteína","emb. 180 gr","https://www.continente.pt/produto/pudim-proteico-chocolate-yopro-7589057.html","https://www.continente.pt/dw/image/v2/BDVS_PRD/on/demandware.static/-/Sites-col-master-catalog/default/dw271595fa/images/col/758/7589057-frente.jpg?sw=280&sh=280","7589057","","col"
5601312511694,"Nova Maestro","Liégeois Chocolate",FALSE,1.19,NA,NA,NA,"€2,98","Laticínios e Ovos/Sobremesas/Mousses e Pudins","emb. 400 gr (4 un)","https://www.continente.pt/produto/liegeois-chocolate-nova-maestro-7533911.html","https://www.continente.pt/dw/image/v2/BDVS_PRD/on/demandware.static/-/Sites-col-master-catalog/default/dwf8921bd8/images/col/753/7533911-frente.jpg?sw=280&sh=280","7533911","","col"
5601312511243,"Continente","Pudim +Proteína Chocolate",FALSE,1.19,NA,NA,NA,"€5,95","Laticínios e Ovos/Iogurtes/Iogurtes Proteína","emb. 200 gr","https://www.continente.pt/produto/pudim-proteina-chocolate-continente-7477480.html","https://www.continente.pt/dw/image/v2/BDVS_PRD/on/demandware.static/-/Sites-col-master-catalog/default/dw09821df6/images/col/747/7477480-frente.jpg?sw=280&sh=280","7477480","","col"
4002971301601,"Ehrmann","Pudim Proteína Chocolate",FALSE,1.89,NA,NA,NA,"€9,45","Laticínios e Ovos/Iogurtes/Iogurtes Proteína","emb. 200 gr","https://www.continente.pt/produto/pudim-proteina-chocolate-ehrmann-7368599.html","https://www.continente.pt/dw/image/v2/BDVS_PRD/on/demandware.static/-/Sites-col-master-catalog/default/dwe6df06cb/images/col/736/7368599-cima.jpg?sw=280&sh=280","7368599","","col"
4002971303506,"Ehrmann","Pudim Proteína Caramelo",FALSE,1.89,NA,NA,NA,"€9,45","Laticínios e Ovos/Iogurtes/Iogurtes Proteína","emb. 200 gr","https://www.continente.pt/produto/pudim-proteina-caramelo-ehrmann-7368849.html","https://www.continente.pt/dw/image/v2/BDVS_PRD/on/demandware.static/-/Sites-col-master-catalog/default/dwa869b8e2/images/col/736/7368849-cima.jpg?sw=280&sh=280","7368849","","col"
5603697271743,"Koala","Gelatina Pronta Vegetal Morango",FALSE,1.16,NA,NA,NA,"€8,92","Laticínios e Ovos/Sobremesas/Gelatinas","emb. 130 gr","https://www.continente.pt/produto/gelatina-pronta-vegetal-morango-koala-5177903.html","https://www.continente.pt/dw/image/v2/BDVS_PRD/on/demandware.static/-/Sites-col-master-catalog/default/dwd7ec5cc7/images/col/517/5177903-esquerdo.jpg?sw=280&sh=280","5177903","","col"
5601312507482,"Continente","Natilhas Bolacha Maria",FALSE,1.39,NA,NA,NA,"€2,78","Refeições Fáceis/Sobremesas","emb. 4 x 125 gr","https://www.continente.pt/produto/natilhas-bolacha-maria-continente-6758818.html","https://www.continente.pt/dw/image/v2/BDVS_PRD/on/demandware.static/-/Sites-col-master-catalog/default/dw5725255b/images/col/675/6758818-hero.jpg?sw=280&sh=280","6758818","","col"
5601312510017,"Continente","Gelatina Pronta Morango Pack Poupança",FALSE,1.39,NA,NA,NA,"€2,32","Laticínios e Ovos/Sobremesas/Gelatinas","emb. 600 gr (6 un)","https://www.continente.pt/produto/gelatina-pronta-morango-pack-poupanca-continente-7368462.html","https://www.continente.pt/dw/image/v2/BDVS_PRD/on/demandware.static/-/Sites-col-master-catalog/default/dw7dabbd83/images/col/736/7368462-frente.jpg?sw=280&sh=280","7368462","","col"
5201314129738,"Bioten","Desodorizante Roll On 0% Alumínio Rose",FALSE,2.57,"40",NA,NA,"€51,40","Beleza e Higiene/Corpo/Desodorizantes","emb. 50 ml","https://www.continente.pt/produto/desodorizante-roll-on-0--aluminio-rose-bioten-7719785.html","https://www.continente.pt/dw/image/v2/BDVS_PRD/on/demandware.static/-/Sites-col-master-catalog/default/dwf6042bb8/images/col/771/7719785-frente.jpg?sw=280&sh=280","7719785","","col"
